<?xml version="1.0" encoding="UTF-8" ?>
<!DOCTYPE mapper PUBLIC "-//mybatis.org//DTD Mapper 3.0//EN" "http://mybatis.org/dtd/mybatis-3-mapper.dtd">
<mapper namespace="com.hichujian.dao.AReportDAO">
	<!-- 
	<cache eviction="LRU" />
	 -->
	<insert id="insert" parameterType="AReport">
		INSERT INTO `areport` (`uid`, `to_actid`, `time`, `reason`) 
		VALUES (#{uid}, #{toActid}, SYSDATE(), #{reason})
	</insert>
	
	<delete id="delete" >
		DELETE FROM `areport` WHERE uid=#{uid} AND to_actid=#{toActid}
	</delete>
	
	<update id="updateStatus" >
		UPDATE `areport` SET `status`=#{status} WHERE  uid=#{uid} AND to_actid=#{toActid}
	</update>
	
	<select id="queryIsReported" resultType="boolean" >
		SELECT COUNT(uid) FROM `areport` WHERE uid=#{uid} AND to_actid=#{toActid}
	</select>
	
	<select id="queryById" resultMap="aReportResultMap" >
		SELECT * FROM `areport` WHERE uid=#{uid} AND to_actid=#{toActid}		
	</select>
	
	<resultMap id="aReportResultMap" type="AReport">
		<result column="uid" property="uid" />
		<result column="to_actid" property="toActid" />
		<result column="time" property="time" />
		<result column="reason" property="reason" />
		<result column="status" property="status" />
	</resultMap>
</mapper>