<?xml version="1.0" encoding="UTF-8" ?>
<!DOCTYPE mapper PUBLIC "-//mybatis.org//DTD Mapper 3.0//EN" "http://mybatis.org/dtd/mybatis-3-mapper.dtd">
<mapper namespace="com.hichujian.dao.PCommentDAO">
    <cache></cache>
    <insert id="insert" parameterType="PComment" useGeneratedKeys="true" keyProperty="commentId">
    	INSERT INTO `pcomment` (
    	`comment_content`,`comment_picture`,`comment_time`, `comment_floor`, `user_id`,`user_nickname`,`user_head_portrait`,`post_id`,`comment_root_id`, `comment_parent_id`)
		values (
		#{commentContent}, #{commentPicture}, SYSDATE(), #{commentFloor}, #{userId}, #{userNickname}, #{userHeadPortrait}, #{postId}, #{commentRootId}, #{commentParentId}
		)
    </insert>
    
    <update id="updateUserInfo">
        UPDATE `pcomment` 
        <set>
            <if test="userNickname!=null">`user_nickname`=#{userNickname},</if>
            <if test="userHeadPortrait!=null">`user_head_portrait`=#{userHeadPortrait}</if>
        </set>
        WHERE `user_id`=#{userId}
    </update>
    
    <select id="queryPostCommentList" resultMap="postCommentResultMap">
        SELECT * FROM `pcomment`
        WHERE `post_id` = #{postId} AND `comment_status`=0
        ORDER BY comment_time DESC
        <if test="size!=null">
	        <if test="offset!=null">LIMIT #{size} OFFSET #{offset}</if>
	    </if>
    </select>
    
    <select id="queryPostIdByCommentId" resultType="_long">
        SELECT `post_id` FROM `pcomment`
        WHERE `comment_id` = #{commentId}
    </select>
    
    <select id="queryUserNicknameByCommentId" resultType="string">
        SELECT `user_nickname` FROM `pcomment`
        WHERE `comment_id` = #{commentId}
    </select>
    
    <select id="queryUserIdByCommentId" resultType="_long">
        SELECT `user_id` FROM `pcomment`
        WHERE `comment_id` = #{commentId}
    </select>
    
    <select id="queryRootCommentId" resultType="_long">
        SELECT `comment_root_id` FROM `pcomment`
        WHERE `comment_id` = #{commentId}
    </select>
    
    <select id="queryRootCommentByPostId" resultMap="postCommentResultMap">
        SELECT * FROM `pcomment`
        WHERE `post_id`=#{postId} AND `comment_root_id`=0 AND `comment_status`=0
        ORDER BY `comment_floor`
        <if test="size!=null">
	        <if test="offset!=null">LIMIT #{size} OFFSET #{offset}</if>
	    </if>
    </select>
    
    <select id="queryChildCommentByRootCommentId" resultMap="postCommentResultMap">
        SELECT `comment_id`,`comment_content`,`comment_time`,`user_id`,`user_nickname`,`user_head_portrait` FROM `pcomment`
        WHERE `comment_root_id`=#{commentRootId} AND `comment_status`=0
        ORDER BY `comment_time`
        <if test="size!=null">
	        <if test="offset!=null">LIMIT #{size} OFFSET #{offset}</if>
	    </if>
    </select>
    
    <select id="queryChildCommentNumber" resultType="_int">
        SELECT COUNT(comment_id) FROM `pcomment`
        WHERE `comment_root_id`=#{commentRootId} AND `comment_status`=0
    </select>
    
    <select id="queryLatestFloorByPostId" resultType="int">
        SELECT MAX(comment_floor) FROM  `pcomment`
        WHERE `post_id`=#{postId} AND `comment_root_id`=0
    </select>
    
    <update id="updateStatusById" >
        UPDATE `pcomment` 
        <set>
		    `comment_status`=#{commentStatus}        
        </set>
        WHERE `comment_id`=#{commentId}
    </update>
    
    <resultMap type="PComment" id="postCommentResultMap">
        <id column="comment_id" property="commentId"/>
        <result column="comment_content" property="commentContent"/>
        <result column="comment_picture" property="commentPicture"/>
        <result column="comment_time" property="commentTime"/>
        <result column="comment_floor" property="commentFloor"/>
        <result column="comment_status" property="commentStatus"/>
        <result column="user_id" property="userId"/>
        <result column="user_nickname" property="userNickname"/>
        <result column="user_head_portrait" property="userHeadPortrait"/>
        <result column="post_id" property="postId"/>
        <result column="comment_root_id" property="commentRootId"/>
        <result column="comment_parent_id" property="commentParentId"/>
    </resultMap>
</mapper>