<?xml version="1.0" encoding="UTF-8" ?>
<!DOCTYPE mapper PUBLIC "-//mybatis.org//DTD Mapper 3.0//EN" "http://mybatis.org/dtd/mybatis-3-mapper.dtd">
<mapper namespace="com.hichujian.dao.UBlackDAO">
	<!-- 
	<cache eviction="LRU"/>
	 -->
	<insert id="insert" parameterType="UBlack">
		INSERT INTO `ublack` (`uid`, `to_uid`, `black_time`)
		 VALUES (#{uid}, #{toUid}, SYSDATE());
	</insert>
	
	<delete id="delete" parameterType="_int">
		DELETE FROM `ublack` WHERE uid=#{uid} AND to_uid=#{toUid}
	</delete>
	
	<!-- COUNT(userID)返回值为1时会转为true,为0或大于1时为false -->
	<select id="queryIsPullBlack" resultType="boolean">
		SELECT COUNT(uid) FROM `ublack` 
		WHERE uid=#{uid} AND to_uid=#{toUid}
	</select>
	<select id="query" resultMap="uBlackResultMap">
		SELECT * FROM `ublack` 
		WHERE uid=#{uid} AND to_uid=#{toUid}
	</select>
	
	<select id="queryPullBlackRelation" resultType="_int">
		SELECT COUNT(uid) FROM `ublack` 
		WHERE (uid=#{uid} AND to_uid=#{toUid})
		OR (to_uid=#{uid} AND uid=#{toUid})
	</select>
	
	<resultMap id="uBlackResultMap" type="UBlack" >
		<result column="uid" property="uid" />
		<result column="to_uid" property="toUid" />
		<result column="black_time" property="blackTime" />
	</resultMap>
	
	<select id="queryPullBlackedUsers" resultType="long">
	    SELECT `to_uid` FROM `ublack`
	    WHERE `uid`=#{uid}
	</select>
	
	<select id="queryUsersOfPullBlackedMe" resultType="long">
	    SELECT `uid` FROM `ublack`
	    WHERE `to_uid`=#{uid}
	</select>
	
	<select id="queryUsersWithPullBlackRelation" resultType="long">
	    SELECT `to_uid` AS `id` FROM `ublack`
	    WHERE `uid`=#{uid}
	    UNION 
	    SELECT `uid` AS `id` FROM `ublack`
	    WHERE `to_uid`=#{uid}
	</select>
	
</mapper>